"sequence","commit","committed_at","subject","Core code","Test code & fixtures","Test transcripts","Docs & examples","Build & tooling","total","text_files","binary_files","text_bytes","time"
1,"05c51d46729f1b3da2a9da38934f9adbdafb3b3d","2026-07-27T13:59:32+00:00","Initial commit",0,0,0,0,21,21,1,0,1074,2026-07-27 13:59:32
2,"7a4855a10b26f3f77266fb6ba27e1ed82b2a38de","2026-07-27T14:03:10+00:00","Define MCP Console product and architecture",0,0,0,2016,21,2037,6,0,86672,2026-07-27 14:03:10
3,"4887c6749196ef86cd66a749ebf8af585dcf2501","2026-07-27T14:03:10+00:00","Refine session environment and lifecycle semantics",0,0,0,2139,21,2160,7,0,98134,2026-07-27 14:03:10
4,"dd01018ddee8c963fc28a519cd29509e09b39786","2026-07-27T14:03:10+00:00","`yamark git-filter setup`",0,0,0,2375,21,2396,7,0,98275,2026-07-27 14:03:10
5,"1e9f037604a7c40cdbbfee74d9cc4ea066c0ba91","2026-07-27T14:03:10+00:00","Refine agent project context",0,0,0,2313,21,2334,7,0,94575,2026-07-27 14:03:10
6,"903a11d6af32aa5f7e3aab87d124bce9d0c2c8ed","2026-07-27T14:11:45+00:00","Move tentative plans to design-sketches/",0,0,0,2311,21,2332,8,0,94869,2026-07-27 14:11:45
7,"a176ed0ea5a47c2c63717109df860941403ac19e","2026-07-27T14:31:18+00:00","Expand runtime and sidecar design",0,0,0,4083,21,4104,11,0,173934,2026-07-27 14:31:18
8,"73ffc90e602cda05db7d96e5f63fe6c30bb912f9","2026-07-27T16:55:43+00:00","Bootstrap Rust project (#2)",14,16,0,4158,80,4268,19,0,178977,2026-07-27 16:55:43
9,"94a9a2df00eece672715324be7195f507f5c8c0e","2026-07-27T16:56:12+00:00","Document future Python session modes (#3)",14,16,0,4161,80,4271,19,0,179137,2026-07-27 16:56:12
10,"6e8ece1a8deec6064ad0c881c97889ed0745b142","2026-07-28T16:00:40+00:00","Add macOS sandbox process launcher (#4)",332,473,0,4185,93,5083,23,0,205869,2026-07-28 16:00:40
11,"59b5dcf7f7cbae2d320ed015ad920173377f1b56","2026-07-28T23:22:01+00:00","Add MCP stdio server with echo console tool (#6)",372,600,0,4196,802,5970,24,0,229493,2026-07-28 23:22:01
12,"5369f7573f02826ee927ada7febf573f3a8bdb6d","2026-07-29T16:09:17+00:00","Add external golden transcript tests for the MCP server (#7)",372,734,120,4238,812,6276,31,0,238155,2026-07-29 16:09:17
13,"26538e69b64c7d1671fc83fcb15554d1d112902f","2026-07-29T16:49:39+00:00","Require the serve subcommand (#8)",367,735,60,4240,812,6214,30,0,237264,2026-07-29 16:49:39
14,"4d6d3dbc98f92bc744a05b297dde9f5bc7acbd3e","2026-07-29T19:07:17+00:00","Use clap for command-line parsing (#9)",384,745,137,4250,943,6459,33,0,242988,2026-07-29 19:07:17
15,"79f4a0fc9b51cd9056fd574914d15db517ae21cc","2026-07-29T20:37:58+00:00","Add repository-wide format script (#10)",384,785,138,4260,956,6523,35,0,244805,2026-07-29 20:37:58
16,"0e1d48666b47a3f7f73e3a133c1867689e254982","2026-07-29T21:09:33+00:00","Simplify MCP transcript snapshots (#11)",384,794,128,4262,956,6524,35,0,245240,2026-07-29 21:09:33
17,"4b4a20c5563af9db7e97b66fa7a37e0d3d14fac7","2026-07-29T21:46:46+00:00","Rename MCP tools to send and session (#12)",384,792,128,4300,956,6560,35,0,247140,2026-07-29 21:46:46
18,"e93eed944d44e5e576bf94f0b6f173afea39c324","2026-07-30T14:08:14+00:00","Move stable CLI checks to golden transcripts (#13)",384,796,228,4302,956,6666,42,0,249306,2026-07-30 14:08:14
19,"35699202e72252d00099a06a3e0ea035682de89e","2026-07-30T14:23:25+00:00","Rename transcript documents to entries (#14)",384,796,228,4303,956,6667,42,0,249300,2026-07-30 14:23:25
20,"4fdc6997a10a43b2d348f9f8c28a7a0fcc04a2e4","2026-07-30T23:47:25+00:00","Refactor sandbox launcher into reusable command builder (#15)",574,922,267,4303,956,7022,44,0,260093,2026-07-30 23:47:25
21,"c35bd4f5a6730040c8ddd0a1bc975dff69afa8b0","2026-08-01T14:10:21+00:00","Add development worker sideband protocol (#16)",1124,1215,453,4479,973,8244,53,0,300101,2026-08-01 14:10:21
22,"8c834823dbe07994acd9436292b9001c65596f70","2026-08-01T17:05:33+00:00","Add the built-in R worker (#17)",1440,1336,760,4510,1599,9645,59,0,339605,2026-08-01 17:05:33
23,"a4b004dc5965eade0c2f73016daa9338d5c76994","2026-08-01T19:21:05+00:00","Run R cells through the native DLL REPL loop (#18)",1606,1390,955,4523,1614,10088,63,0,352164,2026-08-01 19:21:05
24,"6d0f933cbcbddc37605ab16723ba5cd0d539310a","2026-08-02T01:46:50+00:00","Document formatter review requirement (#20)",1606,1390,955,4524,1614,10089,63,0,352232,2026-08-02 01:46:50
25,"848c277d955a337eb978d61c4dcdd487843881e4","2026-08-02T09:40:42+00:00","Simplify golden MCP transcripts (#21)",1606,1420,517,4531,1614,9688,64,0,345577,2026-08-02 09:40:42
26,"7ee6b0822b03f6a6de46f24323aa30b922d4d525","2026-08-02T10:36:32+00:00","Add timeout polling to send (#22)",1726,1470,624,4555,1614,9989,66,0,354599,2026-08-02 10:36:32
27,"3e20a8d6953f7c54e396ed674825f6094ac86742","2026-08-02T16:58:33+00:00","Support interactive stdin in R evaluations (#19)",2111,1811,1090,4696,1614,11322,74,0,400203,2026-08-02 16:58:33
28,"ea2911e9a572da49ada6d2867eada7d2af36c304","2026-08-02T18:30:11+00:00","Record the native R worker decision and expand acceptance coverage (#23)",2111,2302,1235,5079,1614,12341,78,0,444159,2026-08-02 18:30:11
29,"0e2cd8d8692539b122b5679c04d1a0d94ab74fdf","2026-08-03T01:55:58+00:00","Capture worker standard streams (#25)",2321,2407,1250,5107,1614,12699,80,0,459166,2026-08-03 01:55:58
30,"875dbe07fbc0139fe1669ec4b9b420de7acd93de","2026-08-03T13:35:52+00:00","Support Python cells through reticulate (#24)",2598,2571,1519,5148,1616,13452,85,0,484683,2026-08-03 13:35:52
31,"adaaed6cb9738e04509abbef68cf950d0335490a","2026-08-03T14:15:45+00:00","Simplify Python bridge initialization (#26)",2570,2571,1519,5148,1616,13424,85,0,483483,2026-08-03 14:15:45
32,"75c973b2c2df99bb2d23ffe080b2894299be5e46","2026-08-03T16:50:39+00:00","Record exact source and diagnostics in transcript fixtures (#27)",2570,2570,1535,5148,1616,13439,86,0,483149,2026-08-03 16:50:39
33,"0af7207f516515e9e3ba7ffbd282f4d5b4c6d7f3","2026-08-03T20:53:31+00:00","Report automatic worker replacement and preserve failure output (#28)",2651,2761,1734,5170,1616,13932,90,0,500066,2026-08-03 20:53:31
34,"91ecbc8128bd8677d50f35f3fa5373cd87bd60e3","2026-08-03T21:07:46+00:00","Run CI on macOS only (#29)",2651,2761,1734,5170,1613,13929,90,0,499988,2026-08-03 21:07:46
35,"42784960354a2886558941245b8d0d95f54af12b","2026-08-03T21:22:10+00:00","`scripts/format`",2651,2761,1785,5170,1613,13980,90,0,500295,2026-08-03 21:22:10
36,"6f043c0fcb0d97ea3c5af2711551da7cccf08602","2026-08-03T21:25:49+00:00","gitignore agents config for now",2651,2761,1785,5170,1616,13983,90,0,500319,2026-08-03 21:25:49
37,"8c406e55fbab69fc3aa82d726f6c8b19e5b1a36b","2026-08-03T22:04:24+00:00","Render interactive input requests explicitly (#30)",2666,2796,1813,5183,1616,14074,90,0,505325,2026-08-03 22:04:24
38,"24f3b0caf5b8eb1473582811086c00e19bde47cf","2026-08-03T23:40:36+00:00","Test explicit async execution in Python cells (#31)",2666,2815,1841,5183,1616,14121,91,0,506273,2026-08-03 23:40:36
39,"8e0c17fb4845ee928378dc1a798cfa3e6fe8345b","2026-08-04T00:50:59+00:00","Document Python input and debugger interaction (#32)",2666,2879,1952,5192,1616,14305,93,0,510849,2026-08-04 00:50:59
40,"0721b53546620e1898f593210c3b628470399be6","2026-08-04T03:57:43+00:00","Add worker transcript coverage for Python output routing (#33)",2666,3235,2075,5213,1616,14805,97,0,527174,2026-08-04 03:57:43
41,"a4fd46223505c8176a029d0ffc85b802c87461b9","2026-08-04T13:43:25+00:00","Let reticulate select the Python interpreter (#34)",2756,3342,2193,5245,1616,15152,104,0,538400,2026-08-04 13:43:25
42,"2100c2628723f63487dba956b3d6dd83b8c2c9ac","2026-08-04T13:56:02+00:00","Preserve Python output from fork children (#35)",2756,3383,2250,5252,1616,15257,105,0,541677,2026-08-04 13:56:02
43,"134d7c68c3f3dcb44617d36a6175083cbc4708d0","2026-08-04T20:35:36+00:00","Add SQL cells backed by DuckDB (#36)",2863,3472,2317,5291,1618,15561,110,0,552317,2026-08-04 20:35:36
44,"b32e6e6a58b6492006ad0b1491833a572655edd7","2026-08-05T12:10:52+00:00","Fix SQL transcript formatting (#37)",2863,3465,2319,5291,1618,15556,110,0,552075,2026-08-05 12:10:52
45,"c635f76d9ae330dd6e78befc89aacf5935223f36","2026-08-06T17:12:38+00:00","Add bounded SQL result previews (#38)",3147,3673,2627,5311,1622,16380,114,0,581641,2026-08-06 17:12:38
46,"218bede0b51c440b695b0d09ef28f7190956a6cf","2026-08-07T12:51:25+00:00","Return R plots as MCP image content (#39)",3815,4114,2893,5370,1634,17826,122,0,628880,2026-08-07 12:51:25
47,"6451dacd22e4721197e9b63b25a62e2098c209fd","2026-08-07T14:29:52+00:00","Simplify managed plot finalization (#40)",3691,4105,2874,5363,1634,17667,122,0,622832,2026-08-07 14:29:52
48,"0ffc5ac82ef912b426e08fe81381738e51125e18","2026-08-07T16:58:54+00:00","Add initial Python requirement preparation (#41)",4117,4411,3101,5411,1634,18674,126,0,659479,2026-08-07 16:58:54
49,"613b6299e02da67518ba3326cf5d2da5bd133b94","2026-08-07T18:14:15+00:00","Refine Python requirement resolution (#42)",4151,4400,3141,5427,1634,18753,127,0,663137,2026-08-07 18:14:15
50,"56a81605e7462ba2bb47ebae4e9d602a7b0cef67","2026-08-07T23:35:40+00:00","Layer Python requirements declared at runtime (#43)",4691,4589,3330,5500,1636,19746,133,0,702735,2026-08-07 23:35:40
51,"a46544c99a2062306d921a44aa3ae302d5a2b255","2026-08-07T23:57:22+00:00","Add explicit session restart (#44)",5047,5044,3736,5530,1636,20993,143,0,740631,2026-08-07 23:57:22
52,"4507726ceacb5045d571492c2eb30760e14a5b79","2026-08-10T02:02:29+00:00","Wait for Python resolver exit without polling (#48)",5071,5108,3736,5534,1636,21085,143,0,744214,2026-08-10 02:02:29
53,"fd46bcaa917f91a4581e041060155ccfb7eb4a49","2026-08-10T19:15:52+00:00","Record MCP console session transcripts (#45)",5533,5527,4004,5560,1639,22263,147,0,786720,2026-08-10 19:15:52
54,"ef7e75282a45e77f0fe5b6f08c13195e1143473b","2026-08-10T21:00:21+00:00","Separate recorded events from MCP transcript goldens (#50)",5523,5544,3994,5563,1639,22263,148,0,784320,2026-08-10 21:00:21
55,"b0e620128628f1ff1a81e1f1e917bd0e4728b6b0","2026-08-10T21:11:08+00:00","Share R and SQL relations automatically (#46)",5553,5712,4229,5592,1641,22727,154,0,798219,2026-08-10 21:11:08
56,"6f19a91b563f1894f528e17ceb288b3d496739cd","2026-08-10T22:40:53+00:00","Add IR-backed R requirements (#49)",5845,6115,4477,5623,1649,23709,163,0,832181,2026-08-10 22:40:53
57,"ac764084cf780255e76b0bae3cce5c3ce4a6c932","2026-08-10T23:35:19+00:00","Support restart with optional Python requirements (#51)",5876,6101,4611,5644,1649,23881,165,0,835912,2026-08-10 23:35:19
58,"578d301138616da3fa3d746d0748994fe104fff9","2026-08-11T00:25:43+00:00","Capture Matplotlib plots from Python cells (#47)",5964,6290,4767,5662,1649,24332,166,0,852497,2026-08-11 00:25:43
59,"fb98c87f3b74e3d89be6bbf10ffdd2f0a36469fb","2026-08-11T11:54:12+00:00","Preserve raw Python tracebacks in transcripts (#52)",5964,6284,4773,5662,1649,24332,166,0,852515,2026-08-11 11:54:12
60,"4b751897e21fb6dac087bcf36d3430ef471d26b2","2026-08-11T18:28:39+00:00","Refactor worker launch through runtime boundary (#55)",5989,6284,4773,5662,1649,24357,166,0,853379,2026-08-11 18:28:39
61,"b8445c1709da99c22a71449728841b1ed289dfeb","2026-08-12T00:02:26+00:00","Warm Matplotlib font caches during Python resolution (#53)",6087,6628,5010,5695,1649,25069,169,0,881607,2026-08-12 00:02:26
62,"982e9ff1fa35912969e86a6976915e62b47fe619","2026-08-12T12:08:42+00:00","Apply late Python requirements without restarting (#56)",6352,6802,5142,5730,1649,25675,170,0,903774,2026-08-12 12:08:42
63,"4e2236258937084c54413f62fb60c30717683fa9","2026-08-12T15:02:43+00:00","Report restart-cancelled Python preparation (#58)",6379,6803,5142,5733,1649,25706,170,0,905052,2026-08-12 15:02:43
64,"21f14fb4e11b16bb139d4539ceb10a2ff65706fe","2026-08-12T15:49:46+00:00","Split resolver and worker client into submodules (#57)",6481,6803,5142,5749,1649,25824,180,0,906328,2026-08-12 15:49:46
65,"a9625ef7f01229f89b6de6146342e6583354606b","2026-08-12T18:06:15+00:00","Prevent installation from local R package sources (#54)",6526,6881,5173,5755,1651,25986,179,0,912199,2026-08-12 18:06:15
66,"f41d595f55b2448b5290f9df0dce99affa9aad45","2026-08-12T19:04:17+00:00","Install IR and Yamark with uv in CI (#60)",6526,6881,5173,5755,1649,25984,179,0,912074,2026-08-12 19:04:17
67,"ce96a3b9c11a143a3b50aa0c8d061f50026b6b7f","2026-08-13T02:00:32+00:00","Make worker retirement an ordered lifecycle boundary (#61)",7033,7389,5379,5762,1649,27212,184,0,954578,2026-08-13 02:00:32
68,"fdf799e2a74f3518a83706a46cfb09fdfc3e58fe","2026-08-13T13:23:54+00:00","Create optional console journals only on first use (#62)",7109,7495,5449,5771,1649,27473,186,0,963486,2026-08-13 13:23:54
69,"f8fa0e60e0fb216dfbb15d30c8704e396fa5eca4","2026-08-13T15:33:30+00:00","Improve mixed-language console guidance (#63)",7133,7571,5523,5894,1649,27770,187,0,986964,2026-08-13 15:33:30
70,"be71af81a7d03b7f54fe84c9b23efa6ad0d374f8","2026-08-13T15:59:14+00:00","Align worker replacement responses with lifecycle boundaries (#64)",7828,7794,5635,5923,1649,28829,190,0,1028149,2026-08-13 15:59:14
71,"d08a9e464d345e0bbaeeb108a49c6eda2c878971","2026-08-13T17:21:10+00:00","Preserve worker console output channels (#65)",7873,7831,5682,5934,1649,28969,192,0,1033185,2026-08-13 17:21:10
72,"c75e1b3db399eea8241f9e8a2fe9d2112f36fba7","2026-08-13T18:50:52+00:00","Populate default console environments (#66)",7900,8028,5750,5947,1665,29290,193,0,1047773,2026-08-13 18:50:52
73,"114802d0e915df3cf574b370826ea21480366d4a","2026-08-13T22:47:29+00:00","Adapt managed Python integration to upstream changes (#68)",8154,8094,5820,5970,1667,29705,195,0,1065930,2026-08-13 22:47:29
74,"a78567a67acf00677b9b4d40fa94471d23961a1c","2026-08-14T00:15:19+00:00","Allow idle workers to prepare R requirements (#67)",8516,8294,6097,6041,1667,30615,199,0,1098245,2026-08-14 00:15:19
75,"b4a517a7f17dd6f0e6293dd728eeb3afea2ebf87","2026-08-14T12:49:44+00:00","Clarify R preparation failure regressions (#69)",8516,8307,6098,6041,1667,30629,199,0,1099269,2026-08-14 12:49:44
76,"ad6db0e407034ae8367e85c8743934c7070a81b8","2026-08-14T13:15:01+00:00","Align console defaults to 200 columns (#71)",8545,8416,6208,6048,1667,30884,203,0,1109309,2026-08-14 13:15:01
77,"e5d8045781fec175681ace508370ec1bf4bcb305","2026-08-14T16:30:15+00:00","Add on-demand DuckDB extension preparation (#72)",8916,8735,6552,6117,1667,31987,207,0,1152040,2026-08-14 16:30:15
78,"bde7a0b6c65eac84ade1f7915ec18c19d0e83d73","2026-08-14T16:31:14+00:00","Preserve complete runtime diagnostics in transcript snapshots (#74)",8916,8746,6589,6120,1667,32038,207,0,1154077,2026-08-14 16:31:14
79,"db9d49d7a0e73c9e73505b5dc4f08acf2ecaa51d","2026-08-14T17:57:43+00:00","Seed DuckDB defaults and allow restart-time requirements (#76)",8980,8946,6771,6136,1667,32500,210,0,1169147,2026-08-14 17:57:43
80,"a9dfbf73da5db324849a8af15d4782c1ea27bc91","2026-08-14T18:30:33+00:00","Recover from denied macOS process-group signals (#73)",9220,9162,6772,6136,1667,32957,210,0,1185752,2026-08-14 18:30:33
81,"4359313fbdfa262935baad0cdd2f5ee72d6877e8","2026-08-14T19:16:33+00:00","Refactor worker command dispatch (#78)",9255,9162,6772,6136,1667,32992,210,0,1186711,2026-08-14 19:16:33
82,"13656d63f0226008751ea77d9b9943780a5e00bf","2026-08-14T19:17:13+00:00","Retain sideband reader descriptors (#79)",9264,9162,6772,6136,1667,33001,210,0,1186891,2026-08-14 19:17:13
83,"184343169eb187023bc5a79f14f4eee67ad91130","2026-08-14T19:25:58+00:00","Clarify package guidance for custom Python (#75)",9265,9168,6775,6136,1667,33011,210,0,1187923,2026-08-14 19:25:58
84,"4a673f8adda11cbfd30b5cd86f395d9c5c7d9086","2026-08-14T20:48:55+00:00","Add ragnar R and SQL integration transcripts (#85)",9265,9592,7242,6136,1667,33902,212,0,1210809,2026-08-14 20:48:55
85,"22b0f1a32929e63236adb4cee656a64f8e17a398","2026-08-14T23:58:21+00:00","Service R events at cell boundaries (#80)",9385,9767,7512,6156,1667,34487,217,0,1228728,2026-08-14 23:58:21
86,"2652d600a608884dc44c6795e4c5282cd313b4c4","2026-08-15T13:26:39+00:00","Add SIGINT support for live console workers (#88)",9566,10334,7934,6201,1667,35702,223,0,1268724,2026-08-15 13:26:39
87,"d5b8183dbee7c5dd2d9b8958b8edf08676cec944","2026-08-15T13:36:16+00:00","Route session interrupts to active resolvers (#89)",9626,10432,7991,6210,1667,35926,224,0,1277208,2026-08-15 13:36:16
88,"300c2dec1851c7bd74046179fc5b77223f6db5c3","2026-08-15T13:44:15+00:00","Report resolver interrupt failures (#90)",9673,10560,8029,6211,1667,36140,225,0,1285085,2026-08-15 13:44:15
89,"99b64e287654df71e711f8cd324fe424e7c6644a","2026-08-18T13:18:34+00:00","Accept managed Python activation receipts (#94)",9768,10590,8046,6220,1667,36291,225,0,1291771,2026-08-18 13:18:34
90,"8741d3a84e3436257068df7a1b08cb6dfbc6ce98","2026-08-18T17:57:59+00:00","Run transcript tests in parallel by default (#99)",9768,10710,8060,6223,1667,36428,225,0,1296366,2026-08-18 17:57:59
91,"247a7f5c933ad9ec240a455703d70a33fb1a1071","2026-08-18T18:27:51+00:00","Report committed Python activations (#95)",9847,10699,8038,6233,1667,36484,225,0,1300014,2026-08-18 18:27:51
92,"1203f8d79a7268cd156c16974acc3647eb15ed2e","2026-08-18T18:56:32+00:00","Remove managed Python checkpoints (#96)",9705,10735,8085,6241,1667,36433,226,0,1295879,2026-08-18 18:56:32
93,"3755dc9c1790b0e63b5df5af09a40fd1610478df","2026-08-18T19:09:45+00:00","Remove provisional Python preparation state (#97)",9670,10781,8158,6241,1667,36517,227,0,1297792,2026-08-18 19:09:45
94,"7b96e9670ada0af56d17e22bcb17f9a0396280dc","2026-08-18T20:20:07+00:00","Route background worker activity through explicit operations (#81)",9813,10990,8269,6255,1667,36994,230,0,1315618,2026-08-18 20:20:07
95,"aefce8e44b91d78a9a6896a75ece6760539b6401","2026-08-18T21:04:57+00:00","Run R event handlers while the worker is idle (#82)",9988,11200,8552,6280,1667,37687,235,0,1339658,2026-08-18 21:04:57
96,"49fd1b0205a23b409f6742e1cd3d63fdc6153983","2026-08-19T01:07:39+00:00","Reuse host caches in transcript tests (#100)",9988,11062,8502,6280,1667,37499,235,0,1333564,2026-08-19 01:07:39
97,"b4c3939cb864e68478618c2c6e2c4aec41bec916","2026-08-19T12:41:20+00:00","Make sideband transport cancellable (#102)",10141,11265,8578,6298,1667,37949,238,0,1350570,2026-08-19 12:41:20
98,"45607041791193d95ed1be020683279f63c9dbd6","2026-08-19T14:57:48+00:00","Collect worker activity continuously (#101)",10634,11706,9049,6343,1667,39399,247,0,1396126,2026-08-19 14:57:48
99,"f76a15ad85598d614c292bfca84269843997dc23","2026-08-19T19:45:43+00:00","Avoid reticulate proxy races during Python evaluation (#91)",10754,11950,9315,6352,1667,40038,251,0,1414763,2026-08-19 19:45:43
100,"a4b296b2a578a7f0d59b2cd08450ab329a07c654","2026-08-20T02:16:41+00:00","Cancel managed console reads on interrupt (#92)",10977,12157,9613,6376,1667,40790,253,0,1437466,2026-08-20 02:16:41
101,"94502ae14bf4f842963fb2df2faad3c1c547aeb4","2026-08-20T19:20:13+00:00","Route sandboxed workers through a relay (#104)",12887,12802,9859,6567,1667,43782,264,0,1559890,2026-08-20 19:20:13
102,"07b1298b3ad8c15b77d01917cd394eb01d22ba6b","2026-08-20T21:54:08+00:00","Organize transcript tests by process boundary (#105)",12918,13340,10008,6582,1667,44515,274,0,1584538,2026-08-20 21:54:08
103,"b956a4d7217c7ac945dfbf9b6f0a7c39167b2f5d","2026-08-21T02:09:49+00:00","Flatten worker relay events and preserve process outcomes (#106)",13473,13656,10192,6670,1656,45647,280,0,1632232,2026-08-21 02:09:49
104,"3f39124db5c668895e9a7e4270e744adaaa663bb","2026-08-21T12:03:59+00:00","Test ordered relay retirement (#107)",13473,14037,10289,6670,1656,46125,283,0,1647485,2026-08-21 12:03:59
105,"e25267ee305f618ea976d0a5450d423510c1fd40","2026-08-21T12:31:04+00:00","Test Darwin worker stop and continue supervision (#108)",13473,14269,10334,6670,1656,46402,285,0,1656413,2026-08-21 12:31:04
106,"0ad86724c6de73b411b2fd0fd985eb243de5c531","2026-08-21T13:58:37+00:00","Discard superseded worker environment commits (#109)",13551,14636,10475,6688,1656,47006,288,0,1680120,2026-08-21 13:58:37
107,"fe22a361cf926d044f02a10ba190e46cb7b60269","2026-08-21T14:35:32+00:00","Clarify worker response and preparation boundaries (#110)",13554,14649,10489,6707,1656,47055,288,0,1684341,2026-08-21 14:35:32
108,"ac2c9ede6fd2e6b3e113ad1cc6fe7d72c6bbb4b3","2026-08-21T16:58:10+00:00","Include post-completion output in cell responses (#112)",13607,14682,10515,6708,1656,47168,288,0,1688399,2026-08-21 16:58:10
109,"9ef9c34467e32cc9bc35fc2c4d453124f784bdce","2026-08-21T19:38:29+00:00","Constrain managed Python host resolution (#113)",14022,15204,10946,6759,2035,48966,292,0,1756138,2026-08-21 19:38:29
110,"8f263c815b44161882010655cd04cb47719d9647","2026-08-22T00:26:24+00:00","Bound pending worker output with an ordered tape (#114)",15677,15559,11178,6826,2035,51275,294,0,1842565,2026-08-22 00:26:24
111,"790d931d433f7be0cbe3a446e44428545c7e8d19","2026-08-22T04:16:30+00:00","Queue same-call stdin before evaluation (#115)",15683,15898,10435,6848,2035,50899,298,0,1852347,2026-08-22 04:16:30
112,"40b32d520e9ee3f096d0b56c64c38ba5c5894ada","2026-08-22T12:57:09+00:00","Extract runtime programs and simplify repository guidance (#116)",15753,15898,10435,6541,2162,50789,308,0,1808957,2026-08-22 12:57:09
113,"7aaac8d0b90127f64fb8ca9ba409d0adf84c0618","2026-08-22T22:07:16+00:00","Reorganize current documentation by audience (#117)",15767,15898,10435,6411,2162,50673,312,0,1735807,2026-08-22 22:07:16
114,"9beac4bc6fe2b9076111e2c463e98cfe574f5c4b","2026-08-23T03:02:47+00:00","Delay console operations until response writes settle (#118)",16456,16335,10435,6411,2162,51799,312,0,1776442,2026-08-23 03:02:47
115,"9220cef1642afaa831f42b0a1496beb7b3f624ce","2026-08-23T13:30:49+00:00","Stabilize timing- and cache-sensitive transcript cases (#119)",16456,16358,10441,6411,2162,51828,312,0,1777498,2026-08-23 13:30:49
116,"3cacefb4d626d6c5d68a16eff6f1437ea443b56e","2026-08-23T15:48:09+00:00","Prepare requirements in the same send call (#120)",16709,17183,11017,6472,2162,53543,320,0,1840770,2026-08-23 15:48:09
117,"20e62da1620e281d701bc21e0e7f7922084bea22","2026-08-23T15:59:43+00:00","Update transcript runner progress reporting (#121)",16709,17707,11026,6475,2162,54079,325,0,1857626,2026-08-23 15:59:43
118,"ce54a777bd84a7d16a7c0fc5b379b649f719b215","2026-08-23T16:42:58+00:00","Reduce transcript test noise and runtime (#122)",16709,17732,11026,6475,2162,54104,325,0,1858526,2026-08-23 16:42:58
119,"fc898ea95a1afe732c41dd8b1619e012485116bc","2026-08-24T01:56:29+00:00","Resolve R packages automatically on demand (#123)",18017,19130,11789,6650,2162,57748,343,0,1996556,2026-08-24 01:56:29
120,"607edf4199d66df89318b7e11f0a41b12e0ac0e8","2026-08-24T14:55:21+00:00","Resolve missing Python imports on demand (#124)",18595,20359,12904,6804,2170,60832,362,0,2119364,2026-08-24 14:55:21
121,"2d872d54d671671dd3898d18780a62cf5d10b2a1","2026-08-24T16:19:02+00:00","Clarify console workflows and active states (#125)",18665,20427,12936,6934,2170,61132,362,0,2133522,2026-08-24 16:19:02
122,"df0f10ce5809b1501bab9af5d04009ca17ebbcab","2026-08-24T17:20:02+00:00","Allow joblib process backend in the sandbox (#126)",18667,20490,12954,6934,2170,61215,363,0,2136017,2026-08-24 17:20:02
123,"c7706f1bb69eabfca19124c9f8ef9c53c1a52ecf","2026-08-24T18:58:30+00:00","Make console tool descriptions concise (#127)",18607,20481,12894,6854,2170,61006,363,0,2113821,2026-08-24 18:58:30
124,"e188871b1e6f144d384966a4b8b32daedaf2c778","2026-08-24T21:28:18+00:00","Allow evals to limit send languages (#130)",18707,20520,12894,6854,2170,61145,363,0,2118443,2026-08-24 21:28:18
125,"ddf14d52757b028a2dcc9e62e0fa22ce9ecb045c","2026-08-24T21:30:08+00:00","Document read-only DuckDB attachments (#129)",18709,20534,12896,6854,2170,61163,363,0,2119777,2026-08-24 21:30:08
126,"b01c5ec116ae7501d31a39f14099241bf6a03d9a","2026-08-24T22:23:11+00:00","Fix managed Python subprocesses after live resolution (#128)",18858,20793,13161,6857,2170,61839,368,0,2138834,2026-08-24 22:23:11
127,"8d36520020034e644a26135e97fec054adad166d","2026-08-24T23:30:19+00:00","Split worker environment logic into focused modules (#131)",18918,20793,13161,6857,2170,61899,374,0,2141259,2026-08-24 23:30:19
128,"ab7078ab43d9d025c3905a3855cf2e00cb9b8909","2026-08-25T02:50:58+00:00","Add inline session control to send (#132)",19842,22365,13707,6975,2170,65059,391,0,2259947,2026-08-25 02:50:58
129,"075080564f0bb408b137ad0a97394a5c9a7e004a","2026-08-25T20:48:19+00:00","Collapse progress-bar redraws (#133)",20015,22623,13905,6984,2170,65697,399,0,2278057,2026-08-25 20:48:19
130,"5730058af9263f2dff47c9245b8af7629513482f","2026-08-25T23:50:04+00:00","Expose send as the sole MCP tool (#134)",19996,23166,13871,6971,2170,66174,404,0,2288689,2026-08-25 23:50:04
131,"85243e359b6cb877119db66011863f75294693b3","2026-08-26T13:09:40+00:00","Fix response admission ordering and integration synchronization (#136)",20165,23246,13826,6971,2170,66378,404,0,2298114,2026-08-26 13:09:40
132,"f7c760a12b163ae358bfcba02b72f6f38de798f8","2026-08-26T14:44:02+00:00","Upgrade to Rust 1.95 and update dependencies (#137)",20165,23247,13825,6971,2170,66378,404,0,2298195,2026-08-26 14:44:02
133,"10865e045d493340b5956cd8c2a53827e0ba9699","2026-08-26T16:12:14+00:00","Add Markdown and Quarto session projections (#135)",20871,23942,14014,7021,2175,68023,414,0,2357309,2026-08-26 16:12:14
134,"4254f806b1bdf248fc03156d2226aff8b6d62be0","2026-08-26T18:50:50+00:00","Update rmcp and support MCP 2026-07-28 negotiation (#140)",20886,24016,14014,7021,2195,68132,415,0,2361003,2026-08-26 18:50:50
135,"50d2f5c613f382b1381447b64505e269262ff2a9","2026-08-26T19:43:45+00:00","Publish macOS wheels through PyPI (#139)",20911,24418,14013,7166,2808,69316,420,0,2401338,2026-08-26 19:43:45
136,"87709295865e61b0897cd513c6ec72bbd9c10bd0","2026-08-27T17:00:47+00:00","Resolve IR through PATH and host uv (#144)",20952,24624,14013,7170,2813,69572,420,0,2411686,2026-08-27 17:00:47
137,"ef8533102db50b17a6908550b49c32001cb9836c","2026-08-27T18:24:52+00:00","Add an ellmer R package wrapper (#141)",21313,24896,14002,7242,2880,70333,429,0,2434022,2026-08-27 18:24:52
138,"3f1725281125b94f1933a25b8596c42e36102ce9","2026-08-27T19:12:18+00:00","Support reciprocal `ir` and `uv` resolver bootstrap (#145)",21749,25228,14006,7284,2882,71149,430,0,2468988,2026-08-27 19:12:18
139,"01cb82df7c155ce8134f0f48e25ae080c164087d","2026-08-27T19:19:53+00:00","`scripts/format`",21749,25228,14007,7277,2882,71143,430,0,2474094,2026-08-27 19:19:53
140,"2d2a3454f26d93d1de01f7df9575dd32082fbc64","2026-08-27T20:16:13+00:00","Reduce CI runtime (#146)",21749,25440,14057,7277,2996,71519,431,0,2488941,2026-08-27 20:16:13
141,"33759f8e39332cdf1910a6351c8b1c441ed8e86a","2026-08-27T22:35:23+00:00","Clarify the ellmer console tool interface (#147)",21796,25747,14071,7304,3018,71936,433,0,2499748,2026-08-27 22:35:23
142,"e1f7403bada26856ae4381cb3e78c9041ba26054","2026-08-27T23:34:06+00:00","Use a Unix socket for the worker sideband (#148)",21804,26328,14186,7310,3018,72646,439,0,2524296,2026-08-27 23:34:06
143,"a4476c43eedfc2cc08524c234faa8987a870db13","2026-08-28T16:39:00+00:00","Separate the Python runtime facade from its reticulate backend (#149)",21835,26328,14186,7310,3018,72677,440,0,2525092,2026-08-28 16:39:00
144,"e10834bbc9eebe3564ed685e4db2e7ebde3d496c","2026-08-28T16:39:25+00:00","Reduce macOS CI runner concurrency (#151)",21835,26328,14186,7310,2974,72633,439,0,2524267,2026-08-28 16:39:25
145,"3c3b01067db8a406e208deaccc493e1a3ec80ada","2026-08-28T17:34:25+00:00","Run macOS CI on one runner (#152)",21835,26357,14186,7310,2909,72597,439,0,2522885,2026-08-28 17:34:25
146,"f67ac82c1f5118c3b53b9e27a2282ae9780181c4","2026-08-28T18:17:47+00:00","Load libpython through the Rust runtime facade (#153)",21936,26357,14186,7311,2909,72699,439,0,2526888,2026-08-28 18:17:47
147,"8e841e37667b186a5a66321ea44b23012c9ac01f","2026-08-28T18:54:00+00:00","Test console_tool() through ellmer (#154)",21936,26011,14186,7311,2909,72353,437,0,2517310,2026-08-28 18:54:00
148,"5b53603f6bfe30d3b3c65b8621f2f66761501527","2026-08-28T20:31:14+00:00","Initialize CPython through the Rust runtime facade (#155)",22257,26108,14262,7311,2910,72848,440,0,2534756,2026-08-28 20:31:14
149,"2163a80fccacda4f08be7fad0f474ee0f8c16af5","2026-08-29T12:42:13+00:00","Resolve managed Python versions directly in Rust (#158)",22713,26500,14384,7317,2909,73823,443,0,2567883,2026-08-29 12:42:13
150,"9bb4079f370ffc9f518c65be66fade9627fb216b","2026-08-29T14:07:41+00:00","Resolve managed Python environments directly with uv (#162)",22814,26849,14499,7325,2908,74395,448,0,2588077,2026-08-29 14:07:41
151,"e4cd337fab0f20a7122053f88e44aa704f4d48aa","2026-08-29T16:49:32+00:00","Separate the SQL runtime facade from its DBI backend (#163)",22832,26849,14499,7325,2908,74413,449,0,2588674,2026-08-29 16:49:32
152,"c65a7a2535883e4b66157d8c5d422a7b1faf2983","2026-08-30T12:26:35+00:00","Close unlisted file descriptors in the standalone sandbox (#165)",22939,26934,14522,7326,2908,74629,452,0,2595399,2026-08-30 12:26:35
153,"ca1facfa6d61d777ef52d10a0be68640c41eb68d","2026-08-30T12:28:07+00:00","Separate the worker facade from the embedded-R backend (#164)",22927,26969,14529,7326,2908,74659,453,0,2592415,2026-08-30 12:28:07
154,"70128899a9dec008532f93f76cd2afabc6a794be","2026-08-30T14:21:50+00:00","Use causal synchronization in load-sensitive tests (#167)",22927,27064,14528,7326,2908,74753,453,0,2596054,2026-08-30 14:21:50
155,"adfbe3a88d49bbf615d8df9ae20b3d99062a86dc","2026-08-30T17:05:39+00:00","Close unlisted inherited descriptors at the relay boundary (#169)",22972,27419,14597,7327,2908,75223,458,0,2611407,2026-08-30 17:05:39
156,"0bb7db0842961e95edad05996df02877bce5b4da","2026-08-30T17:10:04+00:00","Install the bundled Python evaluator through Rust (#170)",23084,27419,14597,7328,2908,75336,458,0,2616450,2026-08-30 17:10:04
157,"fe9f53cc2e42614d8ababf6e61f76e99f03af7b9","2026-08-30T18:33:56+00:00","Cover sandbox status under inherited SIGCHLD ignore (#171)",23084,27476,14607,7328,2908,75403,460,0,2618038,2026-08-30 18:33:56
158,"a39702a2714684f68a5afac174cda375fadda78e","2026-08-30T19:25:38+00:00","Cancel blocked relay sideband writes during retirement (#173)",23097,27510,14607,7330,2908,75452,460,0,2620338,2026-08-30 19:25:38
159,"072f0f23af7b9e7c25e1a6d7e83b22617f8da1f3","2026-08-30T20:39:50+00:00","Allow R to select the DBI connection for SQL cells (#172)",23176,27694,14876,7354,2908,76008,462,0,2638133,2026-08-30 20:39:50
160,"246e95b8e0cc9483b09ac5795a99bdc9397d6907","2026-08-30T21:35:51+00:00","Retire observed descendants after standalone command exit (#176)",23936,28012,14962,7356,2908,77174,469,0,2678456,2026-08-30 21:35:51
161,"67f796d6bda951dd1db2d5d86259e609321673a1","2026-08-31T16:36:42+00:00","Retire observed descendants with each worker generation (#180)",24234,28268,15095,7368,2908,77873,473,0,2704061,2026-08-31 16:36:42
162,"185eeb0f7c281c0f7d91d6bc2519783a9fcb4974","2026-08-31T20:45:31+00:00","Retire worker generations after abrupt server exit (#182)",25143,28858,15275,7471,2908,79655,482,0,2770207,2026-08-31 20:45:31
163,"b5f9462f452cfc63f5e3da30e48b2b4cef884462","2026-09-01T13:16:15+00:00","Retire standalone sandbox processes after launcher loss (#183)",25487,29794,15492,7540,2908,81221,491,0,2827863,2026-09-01 13:16:15
164,"62d6a443251ee6362e60d6e0b805e261a637e4bd","2026-09-01T16:55:10+00:00","Make transcript checks reliable under concurrency (#184)",25495,30239,15534,7540,2908,81716,491,0,2845985,2026-09-01 16:55:10
165,"eed32bb1b3eb79773ef94b5b6e9d705cd0379d96","2026-09-01T17:06:16+00:00","Route SQL cells to Python DB-API connections (#181)",26112,31110,16641,7558,2909,84330,504,0,2929211,2026-09-01 17:06:16
166,"b5b4f2b4787d592b6a10069c6486d5a85adb418a","2026-09-01T17:59:14+00:00","Gate worker relay startup until supervision is ready (#185)",26227,31538,16701,7576,2909,84951,512,0,2951011,2026-09-01 17:59:14
167,"53366c95f1eb5e2468764d3d99683dfee74ac996","2026-09-01T23:32:23+00:00","Add foreground terminal handling to standalone sandboxes (#188)",26829,32060,16831,7589,2909,86218,519,0,2994570,2026-09-01 23:32:23
168,"ed4e6af039c28b174badb5e76e67061a1992d30a","2026-09-02T03:51:40+00:00","Make sandbox managers own sandbox lifetimes (#190)",27132,32606,16890,7616,2909,87153,522,0,3030003,2026-09-02 03:51:40
169,"335dd2a15e385ab941f7d173ed26d6b842bcdfc6","2026-09-02T13:23:10+00:00","Bound macOS sandbox cleanup after supervision failures (#150)",27267,33785,17166,7616,2909,88743,530,0,3087042,2026-09-02 13:23:10
170,"eb9ab8c7f8e44d4d387657bd7b9b194842aa74b1","2026-09-02T16:01:57+00:00","Transfer sandbox directory cleanup ownership to the manager (#191)",27251,33785,17166,7625,2909,88736,530,0,3087401,2026-09-02 16:01:57
171,"f24875f746f106f63aa64fd4f101a610ba77185b","2026-09-02T17:42:45+00:00","Make the sandbox manager the sole directory-cleanup owner after readiness (#192)",27239,33927,17183,7632,2909,88890,531,0,3093677,2026-09-02 17:42:45
172,"ab2876865cb490420b362d7186edaf27fe1f62db","2026-09-02T18:41:38+00:00","Share macOS sandbox kqueue primitives (#193)",27171,33927,17186,7632,2909,88825,532,0,3091616,2026-09-02 18:41:38
173,"616db0e19516039e52a21037a5badf6c37bca931","2026-09-02T21:53:47+00:00","Preserve base::loadNamespace body for pkgload compatibility (#194)",27195,33988,17222,7634,2910,88949,536,0,3095604,2026-09-02 21:53:47
174,"860b66e186a3f503fc09e28890d5c6d5a43fee3b","2026-09-02T23:17:48+00:00","Consolidate sandbox child retirement (#195)",27141,34154,17244,7634,2910,89083,537,0,3100712,2026-09-02 23:17:48
175,"38a4c18f9badcb40f0ebfe0dbd534f88ccb34553","2026-09-03T00:25:40+00:00","Simplify sandbox manager retirement (#196)",26860,33987,17224,7646,2910,88627,536,0,3084340,2026-09-03 00:25:40
176,"ef82946dc41dfb3750c7f3c784dfe39877cb3804","2026-09-03T01:35:58+00:00","Reorganize Python tests by boundary and behavior (#197)",26860,35692,17224,7646,2910,90332,571,0,3119502,2026-09-03 01:35:58
177,"01eb75cf7390c6ab789ff52bf9eaab143b4157e1","2026-09-03T01:54:39+00:00","Run sandbox manager supervision in one event loop (#198)",26820,35506,17207,7653,2910,90096,570,0,3111915,2026-09-03 01:54:39
178,"cc97556c8409b1310a7962d6fbed7c8a3bd9f9b1","2026-09-03T02:29:06+00:00","Clarify boundary test imports (#199)",26820,34955,17207,7653,2910,89545,570,0,3098990,2026-09-03 02:29:06
179,"1b98e3e6008c9825999617db344afe2da9b98420","2026-09-03T03:07:50+00:00","Drop the sandbox manager commit handshake (#200)",26735,35143,17239,7655,2910,89682,572,0,3105023,2026-09-03 03:07:50
180,"1ab1c9a18657a71d85b529d65a8326acc23b1122","2026-09-03T13:23:57+00:00","Start gated roots before sandbox managers (#201)",26714,35497,17270,7656,2910,90047,573,0,3118536,2026-09-03 13:23:57
181,"5f1e67e9e18cb5cc8dbf50ced29ef533534291ba","2026-09-03T14:36:16+00:00","Refactor transcript test support and discovery (#202)",26714,35516,17270,7682,2910,90092,589,0,3130374,2026-09-03 14:36:16
182,"5b8d436f6f0e4b242d7f5117fd41d2bb8ab07473","2026-09-03T17:10:21+00:00","Simplify sandbox manager monitoring and process tracking (#203)",26632,35841,17341,7682,2910,90406,591,0,3141650,2026-09-03 17:10:21
183,"8c95ffdfda84b84fce950a1484fcaea3a9d26b98","2026-09-03T18:40:44+00:00","Simplify top-level test harnesses (#204)",26632,33925,17605,7699,2911,88772,600,0,3092730,2026-09-03 18:40:44
184,"b3209160bd1f0f9c90004e1c9011f351cf65a8d5","2026-09-03T19:30:58+00:00","Consolidate sandbox boundary coverage (#205)",26632,29988,16739,7702,2911,83972,560,0,2923183,2026-09-03 19:30:58
185,"b53ffd45aec8663281d8a2666d30dad7310e1224","2026-09-03T19:59:27+00:00","Unify sandbox manager retirement paths (#207)",26577,29988,16739,7702,2911,83917,560,0,2921733,2026-09-03 19:59:27
186,"282e5075f6adf0488e0c1f4f673920e363bcbce5","2026-09-03T19:59:37+00:00","Stabilize interrupted input replay test (#206)",26577,29996,16739,7702,2911,83925,560,0,2922025,2026-09-03 19:59:37
187,"3d79813a915fc18684ec80e5879019b42d867fc8","2026-09-03T20:29:13+00:00","Restore sandbox workflow coverage (#208)",26577,30151,16858,7715,2911,84212,564,0,2931583,2026-09-03 20:29:13
188,"5c9f74e9de5f2b88e592b716631a1e330a5fcaec","2026-09-03T20:35:43+00:00","Unify managed sandbox root startup (#209)",26509,30151,16858,7715,2911,84144,564,0,2928469,2026-09-03 20:35:43
189,"9302613b4633851f1ee05e3ee83e252e01625905","2026-09-03T21:19:27+00:00","Refine sandbox workflow coverage (#210)",26509,30386,16858,7715,2911,84379,565,0,2936986,2026-09-03 21:19:27
190,"ecf20b765f9edc17317bfb038f49a308cedfca85","2026-09-03T21:28:52+00:00","Teach sandbox supervision to retire on owner loss (#211)",26744,31210,17053,7729,2911,85647,573,0,2980445,2026-09-03 21:28:52
191,"29644ede3899e694b6923536865f94fa300fef28","2026-09-04T00:00:52+00:00","Stabilize macOS transcript tests (#212)",26744,31219,17053,7729,2911,85656,573,0,2980811,2026-09-04 00:00:52
192,"1b1aba68332b432ceaf55c6684f651d188bc474f","2026-09-04T01:38:25+00:00","Launch worker generations through the sandbox subcommand (#213)",27092,32221,17258,7766,2911,87248,584,0,3038332,2026-09-04 01:38:25
193,"d05dd0d6859139b51829cf234dee2f71bb6bd10f","2026-09-04T23:40:20+00:00","Keep process-group cleanup inside the sandbox launcher (#218)",27051,32454,17368,7752,2911,87536,589,0,3044889,2026-09-04 23:40:20
194,"2ac29bb8ae854c9bc1470afd93558b3cbecfb068","2026-09-07T13:25:07+00:00","Bound relay output draining during worker retirement (#219)",27068,32695,17404,7757,2911,87835,592,0,3056832,2026-09-07 13:25:07
195,"97341b7619b785c0d2b062f68b986631121587ae","2026-09-07T14:34:41+00:00","Synchronize Python SQL provider-probe interruption (#225)",27068,32763,17430,7757,2911,87929,593,0,3060335,2026-09-07 14:34:41
196,"cead8c5ed48d719c8069f6a106896869a2d2e6aa","2026-09-07T14:48:51+00:00","Cancel startup resolvers when MCP input closes (#227)",27240,32949,17460,7761,2911,88321,599,0,3074309,2026-09-07 14:48:51
197,"8759f529ff1cd4b8ee84dcd11627abab57acc562","2026-09-07T15:40:21+00:00","Accept provider-probe interruption inside the native checkpoint (#230)",27240,32991,17482,7761,2911,88385,599,0,3076625,2026-09-07 15:40:21
198,"4c437a040cbc5814915defa847a9406c49d2939d","2026-09-07T15:40:21+00:00","Keep R tool cleanup scoped to the server (#220)",27255,32991,17482,7770,2912,88410,599,0,3077646,2026-09-07 15:40:21
199,"f8f7150c8f6edbd7ef84b9f9dae7243e767fb1bc","2026-09-07T15:40:22+00:00","Bound transcript case execution and failure cleanup (#222)",27255,33627,17482,7782,2912,89058,600,0,3104242,2026-09-07 15:40:22
200,"7f5146324d6b033156920585f15774b87813066b","2026-09-07T16:19:34+00:00","Wait for console output and retain retirement checkpoints (#233)",27255,33645,17482,7782,2912,89076,600,0,3105118,2026-09-07 16:19:34
201,"4cb80cb212e406198ded87944b72de5b00b3da37","2026-09-07T17:03:29+00:00","Expose the transcript client API and bound response waits (#223)",27255,34074,17482,7791,2913,89515,601,0,3122487,2026-09-07 17:03:29
202,"81825254f7a2e94e8aadbe343f986562cf7a116d","2026-09-07T17:03:30+00:00","Consolidate tool description expectations and expose validation scenarios (#224)",27253,33799,17682,7766,2913,89413,603,0,3104886,2026-09-07 17:03:30
203,"675b2ef733c7000f65c5ef3435821e1858200f57","2026-09-07T17:03:30+00:00","Consolidate session and sandbox documentation (#229)",27253,33799,17682,7611,2913,89258,604,0,3091553,2026-09-07 17:03:30
204,"9e74758852a6578ba24c4f9b47e0805a025b581b","2026-09-07T17:03:31+00:00","Extract launcher retirement race fixtures and remove duplicate expectations (#232)",27253,33651,17682,7611,2913,89110,605,0,3085903,2026-09-07 17:03:31
205,"811e917cfb7f67ff0d8edc0f1c6eaafddbad9000","2026-09-07T17:03:31+00:00","Distinguish cancelled transcript cases from failures (#235)",27253,33745,17682,7613,2913,89206,605,0,3090584,2026-09-07 17:03:31
206,"496a750098de37ab2e9352ba9b057dc2a3dbdf08","2026-09-07T17:03:32+00:00","Share typed events between recording projections (#236)",27234,33745,17682,7613,2913,89187,606,0,3087949,2026-09-07 17:03:32
207,"dd136092f41424b176c91f57eed3a4fd4df5b991","2026-09-07T18:42:54+00:00","Consolidate sandbox process-exit observation (#216)",27158,34012,17681,7615,2914,89380,608,0,3094722,2026-09-07 18:42:54
208,"9dad62c5a48108f9e2046a7d25509a9e644f2b61","2026-09-07T19:56:29+00:00","Synchronize interruption and retirement test checkpoints (#240)",27158,34109,17733,7615,2914,89529,608,0,3100672,2026-09-07 19:56:29
209,"11c4bae5166859956d4dd1b1dcc52d107a987952","2026-09-07T19:56:30+00:00","Represent relay reader ownership with one state (#237)",27146,34109,17733,7615,2914,89517,608,0,3100079,2026-09-07 19:56:30
210,"c677c7b8f5a118a6b3bdc40a9622ddf6788c054c","2026-09-07T19:56:31+00:00","Route all send operations through the session coordinator (#238)",27094,34109,17733,7617,2914,89467,608,0,3098115,2026-09-07 19:56:31
211,"91c79471147ae8f25b264cb002d78ada8669fea0","2026-09-07T20:59:20+00:00","Synchronize the R fatal-input recovery test (#245)",27094,34122,17741,7617,2914,89488,608,0,3098633,2026-09-07 20:59:20
212,"574cc551d43cd4bf53fe9960eddac6bcff6520c1","2026-09-07T20:59:20+00:00","Prepare built-in environments on first use (#239)",27427,34684,18508,7630,2914,91163,623,0,3157488,2026-09-07 20:59:20
213,"4de8728903b8b41cd19b3c13a2a8954728e3b70b","2026-09-07T21:35:44+00:00","Initialize Python before arming the interruption checkpoint (#247)",27427,34686,18510,7630,2914,91167,623,0,3157742,2026-09-07 21:35:44
214,"6f377d0287887e2d3c41fc478417936e8afa8319","2026-09-07T21:35:45+00:00","Bound relay output flushing during retirement (#242)",27579,35246,18569,7645,2914,91953,634,0,3186289,2026-09-07 21:35:45
215,"3ecdea10e6665d6959fbbf3cc46ff14c7103aaa0","2026-09-07T21:35:45+00:00","Bound queued relay output and preserve control progress (#243)",27747,35643,18618,7668,2914,92590,641,0,3208659,2026-09-07 21:35:45
216,"8a86cb3d287d5da7aeb94c7171a5acb751ee7f9e","2026-09-07T21:55:07+00:00","Extract shared worker process services (#189)",27786,35643,18618,7671,2914,92632,642,0,3210131,2026-09-07 21:55:07
217,"dff5fe3d72798d4812a6a40c96e54a81aa341a76","2026-09-07T22:17:35+00:00","Add an unsandboxed server mode (#249)",27851,36024,20237,7707,2914,94733,651,0,3326012,2026-09-07 22:17:35
218,"972ac205262d81de34cd0541c3a590ddc4e5421a","2026-09-08T11:53:35+00:00","Prepare release 0.0.3 (#254)",27851,36024,20237,7708,2914,94734,651,0,3326138,2026-09-08 11:53:35
219,"6d7f1123e80dee29a15aa9870bc5b05b469b9f26","2026-09-08T13:36:48+00:00","Synchronize interruption and retirement tests (#252)",27851,36150,20262,7708,2914,94885,653,0,3330954,2026-09-08 13:36:48
220,"bc288a215a68afd6c88914c572cb04ae35284671","2026-09-08T13:36:49+00:00","Compare PyTorch autograd inside and outside the sandbox (#244)",27851,36250,20274,7713,2914,95002,656,0,3334729,2026-09-08 13:36:49
221,"0274cd2d2fec1193a81d792b2f199a3f713057d5","2026-09-08T13:52:08+00:00","Prepare the worker before wheel evaluation checks (#255)",27851,36295,20274,7713,2934,95067,656,0,3337228,2026-09-08 13:52:08
222,"6d67c821cb824e441a5a874e3bf18165e7d62abb","2026-09-08T15:39:57+00:00","Document release preparation and recovery (#257)",27851,36295,20274,7755,2934,95109,656,0,3340904,2026-09-08 15:39:57
223,"7e7762c383c0a3091572dc360bbbc85556402d61","2026-09-08T16:12:58+00:00","Remove redundant platform conditionals (#256)",27790,36295,20274,7756,2934,95049,656,0,3339146,2026-09-08 16:12:58
224,"040e9748bd35ad1b89ddff015a57cbf18d1661cc","2026-09-08T16:47:25+00:00","Use a privately bundled native sandbox executable (#250)",27786,37320,20393,7898,3310,96707,673,0,3419394,2026-09-08 16:47:25
225,"9238b3ed831d1606f39c124ec3f4abdac3f0f167","2026-09-08T17:38:03+00:00","Separate test requirements and sandbox contracts (#258)",27786,39106,19319,7954,3310,97475,690,0,3401184,2026-09-08 17:38:03
226,"4fce5da1cc61ef0eb62fbc4e00c7d2cfcb933b58","2026-09-08T20:43:13+00:00","Cache the built sandbox runner in CI (#261)",27786,39106,19319,7954,3335,97500,690,0,3402233,2026-09-08 20:43:13
227,"dacaa75375cd25cf380a3907a1051ae03489bc7b","2026-09-08T20:50:08+00:00","Retain cell text beyond inline output limits (#187)",28123,39569,19446,7982,3335,98455,696,0,3440283,2026-09-08 20:50:08
228,"0321c307a1d8660c4e5e125ab9c546d77f70b1b4","2026-09-08T21:00:47+00:00","Test R segfault recovery with a native memory fault (#260)",28123,39606,19447,7982,3335,98493,697,0,3441780,2026-09-08 21:00:47
229,"a152645a61013ed9354dee5ec4e704366172909e","2026-09-08T22:21:02+00:00","Support Linux in no-sandbox mode (#251)",28366,40668,19817,8037,3402,100290,712,0,3501347,2026-09-08 22:21:02
230,"620daf07c6fdc37ab2ecb6b0e5e8bdb52b142d1d","2026-09-09T11:58:43+00:00","Support sandboxed execution on Linux (#262)",28935,41317,19928,8141,3428,101749,721,0,3558918,2026-09-09 11:58:43
231,"666d7e8f52f87cad86c73faa4cee7ef365205a2a","2026-09-09T13:49:56+00:00","Reuse build caches across PR runs when checks fail (#263)",28935,41317,19928,8141,3427,101748,721,0,3558896,2026-09-09 13:49:56
232,"c3027d71a86f837804ff3234dd1fab5c9103ff40","2026-09-09T14:44:40+00:00","Reuse incremental Rust builds across CI runs (#264)",28935,41317,19928,8141,3508,101829,721,0,3563309,2026-09-09 14:44:40
233,"5df5925411e3b2db6c9ab8396caae4c9739a8675","2026-09-09T18:30:41+00:00","Synchronize plot, output, and shutdown tests with checkpoints (#265)",28935,41404,19986,8141,3526,101992,721,0,3568943,2026-09-09 18:30:41
234,"cdeec2f6cf00f791f32a3388f8f4a76d8e77e543","2026-09-09T19:32:18+00:00","Use anonymous pipes for the worker sideband (#267)",29037,41838,20104,8147,3526,102652,734,0,3591502,2026-09-09 19:32:18
235,"26a5f3c35408e2a3ca5ba21485322044f883ca8a","2026-09-09T19:35:18+00:00","Synchronize interrupt test fixtures (#268)",29037,41871,20124,8147,3526,102705,734,0,3594263,2026-09-09 19:35:18
236,"abba95d6a12c8ba442bbf986e00eee7ef9f6a634","2026-09-09T20:20:33+00:00","Synchronize poll ownership before testing interrupts (#269)",29037,41885,20129,8147,3526,102724,734,0,3595024,2026-09-09 20:20:33
237,"fda4a37cd5c341c26ee7832325d653b2852fbd70","2026-09-09T21:24:09+00:00","Make uv source installs work without manual staging (#259)",29057,42381,20129,8214,3531,103312,737,0,3622675,2026-09-09 21:24:09
238,"42c4a5bcfc4aa64213c5e96e502acffc84d67366","2026-09-09T21:43:27+00:00","Use release builds for integration tests (#270)",29057,42427,20129,8216,3533,103362,737,0,3624757,2026-09-09 21:43:27
239,"e37f8ab0af7acc8df3b6e787e648b9e24ce55d4f","2026-09-09T21:45:10+00:00","Use CPU PyTorch wheels for the sandbox autograd test (#271)",29057,42430,20129,8216,3533,103365,737,0,3624884,2026-09-09 21:45:10
240,"a49a78f32233162896c0a3fff2ef4969e4054f6f","2026-09-10T00:36:44+00:00","Delegate sandbox supervision to the private runner (#266)",25236,42455,20050,8422,3533,99696,723,0,3524497,2026-09-10 00:36:44
241,"f35a304de73b0fee8bdad4a43ab6a92948ce5def","2026-09-10T01:57:13+00:00","Expose explicit sandbox configuration from child environments (#272)",25261,42919,20239,8650,3533,100602,739,0,3561028,2026-09-10 01:57:13
242,"f21abe426014ba70ef2a1ab7419955396d385aab","2026-09-10T11:11:45+00:00","Restore Linux host compatibility with native sandbox supervision (#273)",25267,43457,20498,8801,3562,101585,746,0,3604437,2026-09-10 11:11:45
243,"be156dce4340f3f4d42615038de363785120d0bc","2026-09-10T14:56:33+00:00","Allow additional writable paths in sandbox launches (#274)",25331,44025,21697,8836,3562,103451,759,0,3675442,2026-09-10 14:56:33
244,"407001d1a49b6222b7c2d13d3a55b834ac476f3b","2026-09-10T16:08:40+00:00","Update sandbox runner to rust-v0.154.0 (#276)",25331,44029,21697,8836,3562,103455,759,0,3675626,2026-09-10 16:08:40
245,"462830d0281b91cd5247c431dd6c5e82508e5316","2026-09-10T17:10:44+00:00","Reuse build outputs and dependency caches in CI (#278)",25331,44071,21697,8845,3652,103596,759,0,3683284,2026-09-10 17:10:44
246,"98047e2b4be68b298487c1058ea83676f609686f","2026-09-10T17:21:09+00:00","Enable incremental release builds in CI (#279)",25331,44071,21697,8852,3647,103598,759,0,3683958,2026-09-10 17:21:09
247,"6b652481538c2e13c098ddc49d1f6b56a540eedc","2026-09-10T17:55:46+00:00","Use the sandbox checkout's Rust toolchain (#277)",25331,44127,21697,8863,3633,103651,759,0,3687466,2026-09-10 17:55:46
248,"27bb7cfc4f98c70bb9909917ee861108320f2706","2026-09-10T18:57:21+00:00","Reuse weekly Cargo build caches across PRs (#280)",25331,44127,21697,8872,3658,103685,760,0,3689041,2026-09-10 18:57:21
249,"950b20b0d2ab5beb91571871713a58221bcde609","2026-09-10T19:44:52+00:00","Document and test Linux sandbox policy compatibility (#281)",25331,44498,21964,8937,3658,104388,766,0,3717992,2026-09-10 19:44:52
250,"5e02f1935616e0c17d8a3d23b5eacbf088774783","2026-09-10T20:40:33+00:00","Reuse staged sandbox runners on exact CI cache hits (#282)",25331,44601,21964,8940,3660,104496,767,0,3722904,2026-09-10 20:40:33
251,"0ef77660f8911dbf1fe4ca4161d3e52f07a0828e","2026-09-10T23:33:31+00:00","Add Python integrations for chatlas and other LLM clients (#142)",25907,45299,22157,9188,3672,106223,794,0,3782108,2026-09-10 23:33:31
252,"37a07490f773e9fd0548725100d75152657329cb","2026-09-10T23:34:23+00:00","Preserve cached Python streams in fork children (#283)",25925,45531,22931,9192,3672,107251,798,0,3812093,2026-09-10 23:34:23
253,"d9e368ec5ba43f7f4b787b54bdbc6a4a7e8a5c25","2026-09-11T00:47:06+00:00","Record Linux sandbox helper source and linkage provenance (#285)",25925,45833,22931,9208,3854,107751,798,0,3836295,2026-09-11 00:47:06
254,"082019df8b5057ffa540cf4a89742ef23bc429d3","2026-09-11T00:48:03+00:00","Refresh integration SDKs and GitHub caches weekly (#284)",25925,45834,22931,9216,3858,107764,798,0,3837735,2026-09-11 00:48:03
255,"b0c58215e4eb892dc1a9860f7d70cd51606a8260","2026-09-11T01:36:20+00:00","Reuse CI caches across runner image revisions (#286)",25925,45834,22931,9219,3860,107769,798,0,3838332,2026-09-11 01:36:20
256,"8b9d528d02b5e4822657e9979d8e5d2800b2b7f6","2026-09-11T02:18:21+00:00","Make the sandbox processx PTY test deterministic (#287)",25925,45856,22948,9219,3860,107808,798,0,3839767,2026-09-11 02:18:21
257,"c0850a9849281aeefa78755025ab0975e3d85911","2026-09-11T03:51:07+00:00","Fix sandbox acceptance startup and environment assumptions (#289)",25925,45868,22948,9229,3860,107830,798,0,3841610,2026-09-11 03:51:07
258,"c37dffbd62fbe530cd12a2220d63f563f32a605d","2026-09-11T12:34:00+00:00","Add project YAML sandbox configuration (#288)",26313,46776,24779,9330,3934,111132,820,0,3963914,2026-09-11 12:34:00
259,"5af4acb52a5c5c0b7bc7f6ced27f2e1f39c05143","2026-09-11T12:54:18+00:00","Reuse runtime caches in slow transcript tests (#291)",26313,46778,24779,9331,3942,111143,820,0,3964554,2026-09-11 12:54:18
260,"aaba5af3adbc4a90df89f6c58ec81f335f7531dd","2026-09-11T14:10:44+00:00","Share readiness waits between sideband and worker relay (#293)",26298,46778,24779,9332,3942,111129,821,0,3964108,2026-09-11 14:10:44
261,"36dbfa79ad6f218f69cd436d24eced7e1f16b858","2026-09-11T14:11:19+00:00","Add proxy handshake snapshot reference (#292)",26298,46819,24781,9333,3942,111173,822,0,3966092,2026-09-11 14:11:19
262,"d6da3c31074da24ee9c2fd58ceea98f3b321fc02","2026-09-11T14:12:56+00:00","Consolidate project files under .agents/console/ (#294)",26290,46798,24769,9335,3943,111135,821,0,3965328,2026-09-11 14:12:56
263,"e1685ddbcf4b0421837dd9ed7b54bd37f1beebe5","2026-09-11T14:47:13+00:00","Document revised session configuration design (#290)",26290,46801,24769,11029,3943,112832,822,0,4060573,2026-09-11 14:47:13
264,"2ea10582f7e8c2277c97c84712721271a9d13607","2026-09-11T15:29:12+00:00","Update sandbox runner for unrestricted and external policies (#295)",26290,46891,24791,11079,3943,112994,823,0,4068978,2026-09-11 15:29:12
265,"7471649bdf392cbc7daffc7368345dac6c069875","2026-09-11T17:48:21+00:00","Forward native sandbox configuration without local validation (#296)",26270,47556,25602,11091,3943,114462,836,0,4126404,2026-09-11 17:48:21
266,"6cd1b345fd8a649a9fa4bcb8b2c204d1e4a0bed8","2026-09-11T18:29:13+00:00","Simplify captured sandbox policy and environment forwarding (#297)",26214,47556,25602,11091,3943,114406,836,0,4124103,2026-09-11 18:29:13
267,"2b26d405a547375c8fb6a44e657eb31b8a82c27a","2026-09-11T20:14:11+00:00","Support native built-in sandbox profiles (#298)",26264,48142,26167,11191,3943,115707,848,0,4187732,2026-09-11 20:14:11
268,"dd9af479a4b8480359a3d166002f897e2d2c2742","2026-09-11T23:34:18+00:00","Run built-in sessions on SSH targets (#299)",27327,49278,27220,11441,3944,119210,877,0,4325012,2026-09-11 23:34:18
269,"feaf896fcf789b6dec1c89be3615df99796eb219","2026-09-12T12:25:16+00:00","Prepare managed dependencies on SSH targets (#300)",28722,50698,28824,11497,3944,123685,908,0,7450053,2026-09-12 12:25:16
270,"5619aa89fdb48c1364a29910247c45d767df2195","2026-09-12T13:25:19+00:00","Document SSH preparation and cover uv bootstrap without ir (#301)",28722,50814,28869,11505,3944,123854,909,0,7456805,2026-09-12 13:25:19
271,"014af887a90d24850bef8af619d7e372b4677428","2026-09-12T18:42:04+00:00","Add configurable Docker execution targets (#302)",30141,52616,29815,11869,3951,128392,952,0,7627240,2026-09-12 18:42:04
272,"af9be2e0017027a433eff365c86da4bd17986ded","2026-09-12T19:01:05+00:00","Keep one MCP initialization lifecycle during Python startup (#303)",30143,52657,29820,11870,3951,128441,953,0,7629471,2026-09-12 19:01:05
273,"bf4c4454db8a37e41af1662ed1e6496018c46589","2026-09-12T21:27:55+00:00","Add Docker Sandbox compute enforcement through sbx (#306)",30994,54308,30771,12320,3951,132344,992,0,7782614,2026-09-12 21:27:55
274,"17ef6073813d3ea6f1755cea268122102ea9957c","2026-09-13T00:03:58+00:00","Consolidate selected-target sessions and compute probes (#307)",30936,54292,30771,12372,3951,132322,992,0,7786025,2026-09-13 00:03:58
275,"2c60d9c0ef209ae335fb59500fb22f6592de46d8","2026-09-13T01:27:17+00:00","Fix race in Linux sandbox signal test (#308)",30936,54296,30771,12372,3951,132326,992,0,7786294,2026-09-13 01:27:17
276,"41953adb156716946479cee09b830efa9963d687","2026-09-13T13:37:52+00:00","Format embedded test programs and group related arguments (#309)",30926,54533,30925,12378,3951,132713,992,0,7794400,2026-09-13 13:37:52
277,"95bced06c8d12bbe4ffda69b492d1df46220cb40","2026-09-13T13:52:10+00:00","Synchronize evaluation admission in the R restart test (#310)",30926,54540,30925,12378,3951,132720,992,0,7794563,2026-09-13 13:52:10
278,"8a11e28f2fa893cf7c6f988936465d2031934bdf","2026-09-13T14:36:58+00:00","Clarify test transcripts and embedded programs (#311)",30926,54741,30970,12381,3951,132969,998,0,7803565,2026-09-13 14:36:58
279,"876a1fb331f77e9eadade24783e80fd37b80e861","2026-09-13T15:15:00+00:00","Record workspace configuration values as YAML nodes (#312)",30926,54742,30978,12387,3951,132984,998,0,7804018,2026-09-13 15:15:00
280,"cfb128d99225eb7f3e0fe6841302a2e32a6f039c","2026-09-13T18:43:48+00:00","Prefer remote PATH for SSH launches (#314)",30931,55281,31059,12401,3951,133623,1005,0,7827943,2026-09-13 18:43:48
281,"fc950b06ca558a39a182ba4b3f83ec59dd8df944","2026-09-13T19:34:43+00:00","Layer CLI overrides over project configuration (#315)",31157,55602,31275,12486,3951,134471,1015,0,7858660,2026-09-13 19:34:43
282,"a9c2e57437b8737378a56ceea16891799c9bc7d1","2026-09-15T19:15:08+00:00","Stabilize output checkpoints and compact stress evidence (#328)",31157,55729,30997,12492,3951,134326,1017,0,6649399,2026-09-15 19:15:08
283,"348209eddfd737d607e68f445075238434809160","2026-09-15T19:15:08+00:00","Bound complete tool responses with the existing collector (#329)",31620,56687,31876,12570,3951,136704,1032,0,6770987,2026-09-15 19:15:08
284,"8a6d4e2fb61b6426b992ef4a53ba309cb59b9c33","2026-09-15T20:28:09+00:00","Preserve the latest output during streaming collection (#330)",31095,57123,32358,12577,3951,137104,1046,0,6778035,2026-09-15 20:28:09
285,"e79476e355b949c45dd3f0aa2b31162d4a3a1c45","2026-09-15T20:28:10+00:00","Amortize preview compaction and avoid image copies during sizing (#331)",31115,57241,32468,12579,3951,137354,1049,0,6786277,2026-09-15 20:28:10
286,"55a3ac510983ecdb1409fe666f4c839096695e66","2026-09-15T20:34:00+00:00","Extract worker coordination and shared input handling (#322)",31165,57241,32468,12584,3951,137409,1051,0,6787841,2026-09-15 20:34:00
287,"df039f958dbcc9b88945a53f70afd58ed6c6cf1b","2026-09-16T20:14:25+00:00","Reuse response wait mapping and buffer restart acknowledgments (#335)",31151,57241,32468,12586,3951,137397,1051,0,6786906,2026-09-16 20:14:25
288,"ad07c29dda47ca1f44c724f9914045d733950203","2026-09-16T20:17:37+00:00","Amortize terminal suffix compaction and borrow complete direct chunks (#334)",31157,57509,32772,12586,3951,137975,1055,0,6804358,2026-09-16 20:17:37
289,"682d7b953747e63395e5a42e3bef53287794d147","2026-09-16T20:18:33+00:00","Move image previews into response recovery and reuse decoded bytes (#333)",31166,57602,32828,12586,3951,138133,1057,0,6809539,2026-09-16 20:18:33
290,"d3a6f74b45872f46d76ea928f2a15c44414f66cd","2026-09-16T20:55:50+00:00","Fix resolver interrupt fixture race (#336)",31166,57610,32828,12586,3951,138141,1057,0,6809918,2026-09-16 20:55:50
291,"c4486499f855015d6df5f5185772ec56663b5ba1","2026-09-17T03:59:07+00:00","Own checkout validation and retain phase records (#339)",31166,58487,32828,12661,4340,139482,1061,0,6864533,2026-09-17 03:59:07
292,"0383095d995c684701e90180fce75b09fd138a55","2026-09-17T03:59:08+00:00","Discover and validate transcript tests before compilation (#340)",31166,58695,32828,12673,4341,139703,1061,0,6874349,2026-09-17 03:59:08
293,"0e448a843c935c522baf939bf4fa141d06a7f540","2026-09-17T03:59:08+00:00","Map development tasks to focused public validation (#342)",31166,58771,32828,12725,4341,139831,1061,0,6882534,2026-09-17 03:59:08
294,"e4d052a0e5b37c38bd5af7db3e4b4e9c1de7ec62","2026-09-17T12:43:00+00:00","Clarify the workspace overview and setup guides (#337)",31166,58771,32828,12643,4341,139749,1061,0,6877307,2026-09-17 12:43:00
295,"fb086c77a87614514163e85f8edc3c465e35d8f3","2026-09-17T13:22:56+00:00","Dispatch Python cells and console services directly (#347)",31641,59242,33389,12658,4342,141272,1070,0,6944009,2026-09-17 13:22:56
296,"f1228a88c8491b29f98e45f537c38622dabcbdf3","2026-09-17T14:04:20+00:00","Document fixture authoring and report formatter results (#343)",31641,59299,33389,12727,4365,141421,1072,0,6951100,2026-09-17 14:04:20
297,"e7de64b3e1337ea73b6898674d8044a5b82aa71c","2026-09-17T14:35:58+00:00","Plan review boundaries and measure each layer against its base (#344)",31641,59412,33389,12762,4450,141654,1074,0,6960438,2026-09-17 14:35:58
298,"a99e270062860856ccd00eb06074dd1e2dd68d1d","2026-09-17T14:47:29+00:00","Inventory local tools and build artifacts without provisioning (#345)",31641,59600,33389,12794,4653,142077,1075,0,6978798,2026-09-17 14:47:29
299,"021c7d60f9826a42a4710b2a1f16ad9219284db2","2026-09-17T15:15:17+00:00","Synchronize SQL interrupt test with the active DuckDB query (#348)",31641,59663,33408,12794,4653,142159,1076,0,6982084,2026-09-17 15:15:17
300,"43706f40460934503eec056a7e6cf57b6582c6ad","2026-09-17T15:16:49+00:00","Keep small task checkpoints and explicit stopping conditions (#346)",31641,59663,33408,12856,4653,142221,1077,0,6987738,2026-09-17 15:16:49
301,"6cd4cfd4f61ec5df723cc0e25b8f35a90ba8377e","2026-09-17T17:49:17+00:00","Prepare version 0.0.4",31641,59663,33408,12856,4654,142222,1077,0,6987819,2026-09-17 17:49:17
302,"378c1793e9c7a3410b40b23d21eee2222d83e25f","2026-09-17T22:42:38+00:00","Avoid races with exiting validation resources (#351)",31641,59668,33408,12856,4654,142227,1077,0,6988143,2026-09-17 22:42:38
303,"4acf972cbb155e864c7530b5ff9f8f689c28e0d9","2026-09-17T23:23:09+00:00","Store the worker Python manifest behind native accessors (#352)",31680,59817,33577,12859,4654,142587,1080,0,6999433,2026-09-17 23:23:09
304,"35a08e0b68bda8ca0043c51ba4bc6f7a6c553dc0","2026-09-18T14:08:20+00:00","Separate shared worker services from embedded R (#353)",31739,59823,33577,12871,4656,142666,1082,0,7003473,2026-09-18 14:08:20
305,"62e4f3cf4e73625ecefd19ce8162fcba22480875","2026-09-18T14:56:20+00:00","Own managed Python activation commits in Rust (#354)",31817,59823,33577,12876,4656,142749,1082,0,7007036,2026-09-18 14:56:20
306,"e6e94127706fdb3d71a77a733bc478ac48651ec7","2026-09-18T15:22:11+00:00","Exclude timed futex waits from the restart checkpoint (#355)",31817,59825,33577,12876,4656,142751,1082,0,7007196,2026-09-18 15:22:11
307,"657a5981983768967deed83c070973848ec800fb","2026-09-18T19:43:53+00:00","Call Python runtime setup through native CPython (#356)",31947,59965,33675,12880,4656,143123,1086,0,7019892,2026-09-18 19:43:53
