temperature,group,response
26.338,A,31.494
23.615,B,32.551
16.881,A,26.277
21.962,B,29.154
27.43,A,32.426
15.433,B,25.457
32.493,A,36.418
32.081,B,45.076
15.886,A,23.596
31.048,B,40.666
18.696,A,26.182
28.912,B,47.203
18.1,A,26.557
28.832,B,34.975
34.173,A,40.393
34.7,B,47.052
28.266,A,33.6
18.272,B,23.244
22.898,A,31.176
20.56,B,27.391
34.113,A,41.921
20.987,B,28.549
26.222,A,31.888
23.147,B,31.036
17.775,A,26.484
22.695,B,31.64
30.388,A,33.853
23.272,B,29.014
28.586,A,32.621
26.637,B,37.908
16.53,A,25.08
29.598,B,36.059
28.48,A,34.934
31.039,B,43.67
17.979,A,24.649
34.49,B,42.365
32.353,A,41.273
33.061,B,44.334
34.239,A,42.781
27.423,B,33.917
22.424,A,30.143
16.159,B,21.219
28.972,A,35.047
27.632,B,34.8
27.981,A,33.698
15.132,B,24.008
33.914,A,39.809
22.741,B,30.615
16.405,A,25.533
34.784,B,49.706
29.715,A,34.465
25.464,B,35.498
30.293,A,36.374
31.052,B,35.619
28.333,A,34.023
22.026,B,30.818
21.382,A,28.776
28.393,B,35.99
17.877,A,26.041
19.026,B,26.604
18.936,A,26.598
24.205,B,30.511
27.286,A,35.878
25.062,B,28.681
30.406,A,37.801
34.118,B,40.87
16.773,A,25.993
18.218,B,24.585
30.13,A,30.756
22.054,B,31.155
28.074,A,37.709
16.514,B,22.167
17.814,A,16.545
32.571,B,42.44
23.675,A,29.339
17.468,B,26.133
33.499,A,37.468
19.599,B,29.153
16.614,A,26.342
25.761,B,33.374
26.512,A,33.058
16.667,B,24.573
28.538,A,30.867
21.029,B,28.086
34.84,A,41.302
21.916,B,34.09
29.328,A,39.47
27.545,B,36.832
26.741,A,32.032
16.147,B,24.348
31.166,A,38.251
21.397,B,27.276
25.754,A,32.572
32.041,B,37.152
28.35,A,34.222
19.446,B,22.587
34.742,A,45.764
30.959,B,38.433
25.295,A,30.397
29.934,B,37.034
21.124,A,26.174
21.902,B,29.786
23.731,A,33.943
21.07,B,29.681
21.511,A,28.674
28.286,B,36.609
24.488,A,32.171
20.575,B,28.031
27.426,A,33.187
23.051,B,31.362
24.514,A,32.529
28.934,B,36.258
27.55,A,35.396
34.724,B,40.044
21.527,A,26.2
27.033,B,31.142
31.406,A,39.136
21.492,B,28.317
22.103,A,29.699
25.377,B,32.127
33.676,A,38.998
16.164,B,24.09
27.641,A,31.344
24.051,B,31.064
29.237,A,39.946
33.803,B,48.84
15.495,A,24.062
31.877,B,41.356
34.777,A,39.244
22.086,B,28.36
29.543,A,38.52
34.065,B,46.953
25.294,A,33.682
21.551,B,30.652
34.941,A,39.033
23.712,B,34.348
22.03,A,30.284
29.084,B,36.286
24.902,A,34.609
16.269,B,23.112
16.092,A,23.371
26.242,B,35.101
23.724,A,29.314
28.03,B,34.181
20.635,A,29.565
27.773,B,36.894
33.306,A,38.524
16.444,B,24.984
20.329,A,28.518
32.624,B,44.059
28.655,A,37.845
17.915,B,26.924
27.085,A,31.835
29.477,B,40.611
25.267,A,32.815
24.017,B,33.358
15.129,A,23.665
18.412,B,27.441
30.886,A,37.382
24.514,B,31.961
22.988,A,31.758
33.865,B,41.935
18.104,A,24.709
15.427,B,22.923
22.377,A,29.521
16.587,B,23.953
18.593,A,26.434
29.722,B,36.685
16.933,A,24.299
32.606,B,50.053
22.531,A,28.516
18.084,B,26.389
20.551,A,28.671
18.45,B,25.458
23.941,A,30.321
20.497,B,26.794
31.371,A,34.537
31.398,B,44.828
25.03,A,30.084
20.696,B,27.273
28.001,A,37.317
16.799,B,22.914
32.49,A,42.998
20.183,B,28.07
15.107,A,24.901
19.754,B,26.365
17.864,A,25.082
16.707,B,25.352
18.732,A,26.219
27.96,B,34.683
21.81,A,31.051
24.122,B,32.205
16.179,A,23.46
26.025,B,34.325
17.81,A,26.5
23.082,B,30.704
17.139,A,28.071
26.998,B,36.676
16.842,A,24.921
15.763,B,31.572
21.372,A,30.622
25.027,B,32.147
19.421,A,26.833
18.975,B,26.813
16.774,A,24.582
27.292,B,34.781
19.549,A,23.096
18.83,B,25.654
17.003,A,24.981
17.747,B,26.741
31.196,A,35.088
16.307,B,23.952
16.489,A,24.309
23.535,B,31.777
24.158,A,35.119
15.953,B,25.223
24.939,A,35.695
15.168,B,21.704
19.836,A,26.361
17.503,B,26.056
20.127,A,26.21
32.914,B,44.333
15.656,A,27.553
25.155,B,31.021
27.158,A,36.465
19.939,B,28.074
20.184,A,28.788
18.74,B,26.302
25.377,A,28.926
30.868,B,38.163
22.255,A,28.249
24.575,B,30.109
33.206,A,39.21
24.201,B,32.953
32.265,A,35.953
33.99,B,44.817
23.571,A,31.234
18.79,B,27.387
25.835,A,34.008
16.247,B,23.332
